{"mapPath":"Map/Desert","monsters":[{"code":6,"x":31.579551696777345,"y":2.6470589637756349},{"code":5,"x":30.795238494873048,"y":-0.311942994594574},{"code":4,"x":28.780733108520509,"y":-2.4069643020629885},{"code":4,"x":32.72037124633789,"y":-2.4040417671203615}]}