{"mapPath":"Map/Forest","monsters":[{"code":0,"x":20.31487464904785,"y":-2.4270541667938234},{"code":1,"x":22.400493621826173,"y":-2.407042980194092},{"code":0,"x":19.370098114013673,"y":-2.426891565322876},{"code":4,"x":25.05640411376953,"y":-2.4070000648498537}]}