{"mapPath":"Map/Forest","monsters":[{"code":0,"x":15.150423049926758,"y":-2.427027940750122},{"code":0,"x":14.025853157043457,"y":-2.424135684967041},{"code":0,"x":6.437590599060059,"y":-2.427074432373047},{"code":4,"x":13.567182540893555,"y":-2.4032227993011476}]}