{"mapPath":"Map/Forest","monsters":[{"code":0,"x":-3.9102604389190676,"y":-2.4275152683258058},{"code":0,"x":-0.7311167120933533,"y":-2.4263508319854738},{"code":0,"x":0.07135716080665589,"y":-2.4280123710632326}]}