{"mapPath":"Map/Forest","monsters":[{"code":0,"x":45.59429931640625,"y":-2.4273295402526857},{"code":4,"x":39.03474044799805,"y":-2.4069862365722658},{"code":4,"x":41.565757751464847,"y":-2.4070000648498537},{"code":4,"x":30.593427658081056,"y":-2.4067697525024416}]}